id,user_id,name,content,destination,duration,budget,preferences,user_name
1,1,Pune Trip," Hello Moin! Here is your 3-day itinerary for Pune with a budget of 4000:

Day 1:
- Morning: Visit the Aga Khan Palace. Explore the beautiful gardens and learn about the history of the palace. (Entrance fee: 15 INR)
- Afternoon: Lunch at Kayani Bakery. Try their famous mutton patties and kheema pav. Then, visit the Osho Ashram for a spiritual experience. (Entrance fee: 100 INR)
- Evening: Visit the Empress Garden for a peaceful walk and stunning views of the sunset. (Entrance fee: 5 INR)
- Restaurant suggestion: Guru Kripa for authentic Maharashtrian cuisine. (Meal for two: 500 INR)
- Accommodation tip: Stay near Deccan Gymkhana for easy access to major attractions.
- Travel tip: Use the local buses (MSRTC) for a cheap and authentic travel experience.

Day 2:
- Morning: Trek to Sinhagad Fort. Enjoy the scenic views and historical significance of the fort. (Entrance fee: 50 INR)
- Afternoon: Lunch at Annapurna Bhojanalaya. Try their thali for a variety of dishes. Then, visit the Pataleshwar Cave Temple. (Meal for two: 300 INR)
- Evening: Visit the Bund Garden for a leisurely walk and beautiful views of the sunset. (Entrance fee: Free)
- Restaurant suggestion: The Sizzling Platter for a variety of North Indian and Chinese dishes. (Meal for two: 600 INR)

Day 3:
- Morning: Visit the Shaniwar Wada Fort. Explore the fort and learn about the Maratha history. (Entrance fee: 10 INR)
- Afternoon: Lunch at Mast Kalandar. Try their famous falooda. Then, visit the Raja Dinkar Kelkar Museum to see a collection of traditional Indian artifacts. (Meal for two: 200 INR)
- Evening: Visit the Chattrapati Shivaji Maharaj Museum & Planetarium. (Entrance fee: 50 INR)
- Restaurant suggestion: The Pune Bakery for a variety of sandwiches and pastries. (Meal for two: 300 INR)

Tips:
- Bargain at local markets for a better price.
- Avoid traveling alone at night.
- Carry a map or use GPS for navigation.
- Always remove your shoes before entering temples and homes.
- Respect local customs and traditions.",Pune,3,4000,"Food Lover, High Interest in Trekking, Very Religious",Moin
2,1,Paris Adventure," Hello John! Here's a tailor-made travel itinerary for your 4-day trip to Paris.

**Day 1:**
- Morning: Start your day with a free walking tour of the historic city center. (Cost: ₹0)
- Afternoon: Enjoy a traditional French lunch at Le Relais de l'Entrecôte (Eiffel Tower location). Then, visit the Louvre Museum. (Lunch: ₹2000, Museum: ₹1500)
- Evening: Take a Seine river cruise at sunset. (₹1000)
- Restaurant suggestion: Le Comptoir du Relais (moderate budget) for dinner. (₹2500)
- Accommodation tip: Stay near the Champs-Élysées for easy access to major attractions. (₹6000 per night for 2 people)
- Travel tip: Use the Paris Metro to save on transportation costs.

**Day 2:**
- Morning: Rent bikes and explore the Bois de Boulogne park. (₹500)
- Afternoon: Visit the Musée d'Orsay. (₹1200)
- Evening: Dine at a local bistro in the Latin Quarter. (₹1800)

**Day 3:**
- Morning: Visit the Palace of Versailles. (₹1500 for transport and entrance)
- Afternoon: Explore Montmartre and the Sacré-Cœur Basilica. (Cost: ₹500 for transport)
- Evening: Dinner at a traditional French bistro in Montmartre. (₹2000)

**Day 4:**
- Morning: Visit the Notre-Dame Cathedral and the Sainte-Chapelle. (Cost: ₹500 for transport)
- Afternoon: Spend your last afternoon shopping on the Champs-Élysées or relaxing at the Tuileries Garden. (Cost: ₹500 for transport)
- Evening: Farewell dinner at a Michelin-starred restaurant like Le Grand Véfour. (₹6000)

**Tips:**
- Many museums offer free admission on the first Sunday of the month.
- Always carry a refillable water bottle to stay hydrated.
- Use the Paris Metro to save on transportation costs.

**Total Estimated Cost:** ₹80000 (within budget)

Enjoy your trip, John! If you have any follow-up questions, feel free to ask.",Paris,4,100000,,John,True,
3,1,paris adv," Hello John! Here's a tailor-made itinerary for your 4-day trip to Paris.

**Day 1:**
- Morning: Start your day with a free walking tour of the historic city center. You can book a tour with a local guide to learn more about Paris' rich history.
- Afternoon: Enjoy a traditional French lunch at Le Comptoir du Relais (approx. ₹5000 for two). After lunch, visit the Louvre Museum (approx. ₹6000 for two, including audio guides).
- Evening: Take a Seine river cruise at sunset (approx. ₹4000 for two). It's a romantic and scenic way to end your first day in Paris.
- Restaurant suggestion: For dinner, try Le Comptoir du Relais again (approx. ₹5000 for two).
- Accommodation tip: Stay at the Hotel Saint-Honoré, located in the heart of Paris, for easy access to major attractions (approx. ₹12000 per night for a double room).
- Travel tip: Use the Paris Metro to get around the city. It's a cost-effective and efficient way to travel.

**Day 2:**
- Morning: Rent bikes and explore the Bois de Boulogne park (approx. ₹1000 for two).
- Afternoon: Visit the Musée d'Orsay (approx. ₹4000 for two).
- Evening: Dine at a local bistro like Le Petit Marché (approx. ₹3000 for two).
- Travel tip: Many museums offer free admission on the first Sunday of the month.

**Day 3:**
- Morning: Visit the Eiffel Tower. You can take an elevator ride to the top (approx. ₹4000 for two).
- Afternoon: Explore the Montmartre district and visit the Sacré-Cœur Basilica (free admission).
- Evening: Have dinner at a traditional French restaurant like Chez Julien (approx. ₹4000 for two).
- Travel tip: The best time to visit the Eiffel Tower is during sunset for a stunning view of the city.

**Day 4:**
- Morning: Visit the Palace of Versailles (approx. ₹5000 for two, including transportation).
- Afternoon: Spend your last afternoon shopping at the Champs-Élysées or exploring the Notre-Dame Cathedral.
- Evening: Have a farewell dinner at a restaurant with a view of the Eiffel Tower, such as Le Jules Verne (approx. ₹15000 for two).
- Travel tip: Always carry a refillable water bottle to stay hydrated while exploring the city.

**Tips:**
- Use the Paris Metro to save on transportation costs.
- Many museums offer free admission on the first Sunday of the month.
- Always carry a refillable water bottle.

**Total Estimated Cost:** ₹99000 (within budget)

Enjoy your trip, John! If you have any questions, feel free to ask.",Paris,4,100000,,John,True,2
4,1,Moscow trip," Hello Moin!

Here's a tailor-made travel itinerary for your 5-day trip to Moscow within your budget of INR 1,20,000.

**Day 1:**
- Morning: Visit the Kremlin and Red Square (Entrance fee: ₹5000) - Start your day with a visit to the heart of Moscow, the Kremlin, and the iconic Red Square.
- Afternoon: Lunch at Stolovaya No. 57 (₹1500) - Enjoy a traditional Russian meal at this popular canteen. After lunch, explore the Tretyakov Gallery (Entrance fee: ₹2000).
- Evening: Bolshoi Theatre Performance (Ticket price varies, let's assume ₹5000 for a ballet performance) - Witness a world-renowned ballet performance at the Bolshoi Theatre.
- Restaurant suggestion: White Rabbit (Moderate budget) - ₹3000 - Savor contemporary Russian cuisine with a modern twist.

**Day 2:**
- Morning: Visit the State Historical Museum (Entrance fee: ₹1500) - Dive into Russian history at this vast museum.
- Afternoon: Lunch at Varenichnaya No. 1 (₹1000) - Try the famous Russian dumplings at this popular chain. After lunch, explore GUM (free admission) - a high-end shopping mall located on Red Square.
- Evening: River Cruise on Moskva River (₹2000) - Enjoy a relaxing cruise along the Moskva River, taking in the city's stunning architecture.
- Restaurant suggestion: Café Pushkin (High budget) - ₹4000 - Experience the elegance of a 19th-century Russian dining room.

**Day 3:**
- Morning: Visit the Moscow Metro (Free) - Marvel at the ornate stations of the Moscow Metro.
- Afternoon: Lunch at Plov Arnold (₹1500) - Taste Uzbek cuisine at this popular restaurant. After lunch, explore the Sparrow Hills and the Moscow State University (Free).
- Evening: Visit the Night Clubs in Gorky Park (Entrance fees vary) - Experience Moscow's vibrant nightlife at Gorky Park.
- Restaurant suggestion: Kofein (Moderate budget) - ₹2000 - Enjoy a variety of coffee and light meals in a cozy atmosphere.

**Day 4:**
- Morning: Visit the Museum of Contemporary Art (Entrance fee: ₹1000) - Discover modern and contemporary art at this museum.
- Afternoon: Lunch at Teplyi Stan (₹1500) - Savor Russian street food at this popular spot. After lunch, explore the Arbat Street (Free) - a pedestrian street filled with souvenir shops and street performers.
- Evening: Visit the Moscow Planetarium (Entrance fee: ₹1500) - Explore the universe at this iconic planetarium.
- Restaurant suggestion: Twins Garden (Moderate budget) - ₹2500 - Enjoy a unique dining experience in a greenhouse setting.

**Day 5:**
- Morning: Visit the Kolomenskoye Museum-Reserve (Entrance fee: ₹2000) - Explore the beautiful park and the architectural masterpiece, the Church of Ascension.
- Afternoon: Lunch at Lavka-Lavka (₹1500) - Taste organic and locally sourced Russian dishes at this eco-friendly restaurant.
- Evening: Farewell Dinner at a Traditional Russian Restaurant (₹3000) - End your trip with a traditional Russian feast.

**Tips:**
- Use the Moscow Metro for easy and affordable transportation.
- Dress modestly when visiting religious sites.
- Always carry small bills for small purchases.
- Visit during the summer for longer daylight hours.

**Total Estimated Cost:** ₹1,19,500 (within budget)",Moscow,5,120000,,Moin,False,1
5,2,Kolkata," Hello Vaishnavi!

Here's a tailor-made itinerary for your 4-day trip to Kolkata, within your budget of INR 30,000.

**Day 1:**
- Morning: Visit the Dakshineswar Kali Temple (free entry). Take an early morning rickshaw ride to the temple, estimated cost INR 100.
- Afternoon: Lunch at 6 Ballygunge Place, a popular restaurant serving Bengali cuisine. Estimated cost INR 800. Then, explore the Victoria Memorial (entry fee: INR 20 for Indians).
- Evening: Stroll along the Hooghly River and enjoy the sunset. Dinner at Kewpies, a local favorite for Bengali cuisine. Estimated cost INR 1000.
- Accommodation tip: Stay at The Park Kolkata, a centrally located hotel with good amenities. Estimated cost INR 6000 per night.
- Travel tip: Use the metro for a cost-effective way to travel around the city.

**Day 2:**
- Morning: Visit the Marble Palace (entry fee: INR 50 for Indians). Take a rickshaw, estimated cost INR 100.
- Afternoon: Lunch at Flurys, a historic tea room. Estimated cost INR 800. Then, explore the Indian Museum (entry fee: INR 20 for Indians).
- Evening: Visit the Howrah Bridge and enjoy the city lights. Dinner at Oh! Calcutta, a restaurant famous for its Bengali dishes. Estimated cost INR 1200.

**Day 3:**
- Morning: Visit the Belur Math, the headquarters of the Ramakrishna Mission. Take a rickshaw, estimated cost INR 100.
- Afternoon: Lunch at Aaheli, a restaurant offering a variety of Bengali dishes. Estimated cost INR 1000. Then, explore the St. Paul's Cathedral and the Calcutta High Court.
- Evening: Visit the New Market for shopping and try local street food. Dinner at Peter Cat, a popular restaurant for its Mughlai cuisine. Estimated cost INR 1200.

**Day 4:**
- Morning: Visit the Birla Mandir (entry fee: INR 100 for non-Indians). Take a rickshaw, estimated cost INR 100.
- Afternoon: Lunch at Kasturi Restaurant, a famous eatery for Bengali cuisine. Estimated cost INR 800. Then, explore the Fort William (entry fee: INR 15 for Indians).
- Evening: Departure.

**Tips:**
- Carry cash as many small shops and street vendors do not accept cards.
- Be respectful when visiting religious sites.
- The best time to visit major spots is early morning or late afternoon to avoid the heat and crowds.

**Total Estimated Cost:** INR 29,500 (within budget)",Kolkata,4,30000,"Religious places , History",Vaishnavi,False,1
